﻿{"computers":[{"Properties":{"haslaps":false,"highvalue":false,"name":"DC01.WIDGETLLC.INTERNAL","domain":"WIDGETLLC.INTERNAL","objectid":"S-1-5-21-2778787315-2228761457-209862467-1001","distinguishedname":"CN=DC01,OU=Domain Controllers,DC=WidgetLLC,DC=Internal","description":null,"enabled":true,"unconstraineddelegation":true,"serviceprincipalnames":["Dfsr-12F9A27C-BF97-4787-9364-D31B6C55EB04/DC01.WidgetLLC.Internal","ldap/DC01.WidgetLLC.Internal/ForestDnsZones.WidgetLLC.Internal","ldap/DC01.WidgetLLC.Internal/DomainDnsZones.WidgetLLC.Internal","DNS/DC01.WidgetLLC.Internal","GC/DC01.WidgetLLC.Internal/WidgetLLC.Internal","RestrictedKrbHost/DC01.WidgetLLC.Internal","RestrictedKrbHost/DC01","RPC/fe72fb51-5042-461b-94a5-d95ac2d1fae3._msdcs.WidgetLLC.Internal","HOST/DC01/WIDGETLLC","HOST/DC01.WidgetLLC.Internal/WIDGETLLC","HOST/DC01","HOST/DC01.WidgetLLC.Internal","HOST/DC01.WidgetLLC.Internal/WidgetLLC.Internal","E3514235-4B06-11D1-AB04-00C04FC2DCD2/fe72fb51-5042-461b-94a5-d95ac2d1fae3/WidgetLLC.Internal","ldap/DC01/WIDGETLLC","ldap/fe72fb51-5042-461b-94a5-d95ac2d1fae3._msdcs.WidgetLLC.Internal","ldap/DC01.WidgetLLC.Internal/WIDGETLLC","ldap/DC01","ldap/DC01.WidgetLLC.Internal","ldap/DC01.WidgetLLC.Internal/WidgetLLC.Internal"],"lastlogontimestamp":1611060951,"pwdlastset":1608734646,"operatingsystem":"Windows Server 2016 Datacenter"},"AllowedToDelegate":[],"AllowedToAct":[],"PrimaryGroupSid":"S-1-5-21-2778787315-2228761457-209862467-516","Sessions":[],"LocalAdmins":[{"MemberId":"S-1-5-21-2778787315-2228761457-209862467-500","MemberType":"User"},{"MemberId":"S-1-5-21-2778787315-2228761457-209862467-1000","MemberType":"User"},{"MemberId":"S-1-5-21-2778787315-2228761457-209862467-519","MemberType":"Group"},{"MemberId":"S-1-5-21-2778787315-2228761457-209862467-512","MemberType":"Group"}],"RemoteDesktopUsers":[],"DcomUsers":[],"PSRemoteUsers":[],"ObjectIdentifier":"S-1-5-21-2778787315-2228761457-209862467-1001","Aces":[{"PrincipalSID":"S-1-5-21-2778787315-2228761457-209862467-512","PrincipalType":"Group","RightName":"Owner","AceType":"","IsInherited":false},{"PrincipalSID":"S-1-5-21-2778787315-2228761457-209862467-512","PrincipalType":"Group","RightName":"GenericAll","AceType":"","IsInherited":false},{"PrincipalSID":"S-1-5-21-2778787315-2228761457-209862467-519","PrincipalType":"Group","RightName":"GenericAll","AceType":"","IsInherited":true},{"PrincipalSID":"WIDGETLLC.INTERNAL-S-1-5-32-544","PrincipalType":"Group","RightName":"WriteDacl","AceType":"","IsInherited":true},{"PrincipalSID":"WIDGETLLC.INTERNAL-S-1-5-32-544","PrincipalType":"Group","RightName":"WriteOwner","AceType":"","IsInherited":true},{"PrincipalSID":"WIDGETLLC.INTERNAL-S-1-5-32-544","PrincipalType":"Group","RightName":"GenericWrite","AceType":"","IsInherited":true}]},{"Properties":{"haslaps":false,"highvalue":false,"name":"NCTCOMPUTER.WIDGETLLC.INTERNAL","domain":"WIDGETLLC.INTERNAL","objectid":"S-1-5-21-2778787315-2228761457-209862467-1117","distinguishedname":"CN=nctComputer,OU=Office,OU=itFlee,DC=WidgetLLC,DC=Internal","description":null,"enabled":true,"unconstraineddelegation":false,"serviceprincipalnames":[],"lastlogontimestamp":-1,"pwdlastset":1610030197,"operatingsystem":null},"AllowedToDelegate":[],"AllowedToAct":[],"PrimaryGroupSid":"S-1-5-21-2778787315-2228761457-209862467-515","Sessions":[],"LocalAdmins":[],"RemoteDesktopUsers":[],"DcomUsers":[],"PSRemoteUsers":[],"ObjectIdentifier":"S-1-5-21-2778787315-2228761457-209862467-1117","Aces":[{"PrincipalSID":"S-1-5-21-2778787315-2228761457-209862467-512","PrincipalType":"Group","RightName":"Owner","AceType":"","IsInherited":false},{"PrincipalSID":"WIDGETLLC.INTERNAL-S-1-5-32-548","PrincipalType":"Group","RightName":"GenericAll","AceType":"","IsInherited":false},{"PrincipalSID":"S-1-5-21-2778787315-2228761457-209862467-512","PrincipalType":"Group","RightName":"GenericAll","AceType":"","IsInherited":false},{"PrincipalSID":"S-1-5-21-2778787315-2228761457-209862467-519","PrincipalType":"Group","RightName":"GenericAll","AceType":"","IsInherited":true},{"PrincipalSID":"WIDGETLLC.INTERNAL-S-1-5-32-544","PrincipalType":"Group","RightName":"WriteDacl","AceType":"","IsInherited":true},{"PrincipalSID":"WIDGETLLC.INTERNAL-S-1-5-32-544","PrincipalType":"Group","RightName":"WriteOwner","AceType":"","IsInherited":true},{"PrincipalSID":"WIDGETLLC.INTERNAL-S-1-5-32-544","PrincipalType":"Group","RightName":"GenericWrite","AceType":"","IsInherited":true}]},{"Properties":{"haslaps":false,"highvalue":false,"name":"NCTCOMPUTER2.WIDGETLLC.INTERNAL","domain":"WIDGETLLC.INTERNAL","objectid":"S-1-5-21-2778787315-2228761457-209862467-1118","distinguishedname":"CN=nctComputer2,OU=Office,OU=itFlee,DC=WidgetLLC,DC=Internal","description":null,"enabled":true,"unconstraineddelegation":false,"serviceprincipalnames":[],"lastlogontimestamp":-1,"pwdlastset":1610030461,"operatingsystem":null},"AllowedToDelegate":[],"AllowedToAct":[],"PrimaryGroupSid":"S-1-5-21-2778787315-2228761457-209862467-515","Sessions":[],"LocalAdmins":[],"RemoteDesktopUsers":[],"DcomUsers":[],"PSRemoteUsers":[],"ObjectIdentifier":"S-1-5-21-2778787315-2228761457-209862467-1118","Aces":[{"PrincipalSID":"S-1-5-21-2778787315-2228761457-209862467-512","PrincipalType":"Group","RightName":"Owner","AceType":"","IsInherited":false},{"PrincipalSID":"WIDGETLLC.INTERNAL-S-1-5-32-548","PrincipalType":"Group","RightName":"GenericAll","AceType":"","IsInherited":false},{"PrincipalSID":"S-1-5-21-2778787315-2228761457-209862467-512","PrincipalType":"Group","RightName":"GenericAll","AceType":"","IsInherited":false},{"PrincipalSID":"S-1-5-21-2778787315-2228761457-209862467-519","PrincipalType":"Group","RightName":"GenericAll","AceType":"","IsInherited":true},{"PrincipalSID":"WIDGETLLC.INTERNAL-S-1-5-32-544","PrincipalType":"Group","RightName":"WriteDacl","AceType":"","IsInherited":true},{"PrincipalSID":"WIDGETLLC.INTERNAL-S-1-5-32-544","PrincipalType":"Group","RightName":"WriteOwner","AceType":"","IsInherited":true},{"PrincipalSID":"WIDGETLLC.INTERNAL-S-1-5-32-544","PrincipalType":"Group","RightName":"GenericWrite","AceType":"","IsInherited":true}]},{"Properties":{"haslaps":false,"highvalue":false,"name":"NCTCOMPUTER3.WIDGETLLC.INTERNAL","domain":"WIDGETLLC.INTERNAL","objectid":"S-1-5-21-2778787315-2228761457-209862467-1119","distinguishedname":"CN=nctComputer3,OU=Office,OU=itFlee,DC=WidgetLLC,DC=Internal","description":null,"enabled":true,"unconstraineddelegation":false,"serviceprincipalnames":[],"lastlogontimestamp":-1,"pwdlastset":1610031271,"operatingsystem":null},"AllowedToDelegate":[],"AllowedToAct":[],"PrimaryGroupSid":"S-1-5-21-2778787315-2228761457-209862467-515","Sessions":[],"LocalAdmins":[],"RemoteDesktopUsers":[],"DcomUsers":[],"PSRemoteUsers":[],"ObjectIdentifier":"S-1-5-21-2778787315-2228761457-209862467-1119","Aces":[{"PrincipalSID":"S-1-5-21-2778787315-2228761457-209862467-512","PrincipalType":"Group","RightName":"Owner","AceType":"","IsInherited":false},{"PrincipalSID":"WIDGETLLC.INTERNAL-S-1-5-32-548","PrincipalType":"Group","RightName":"GenericAll","AceType":"","IsInherited":false},{"PrincipalSID":"S-1-5-21-2778787315-2228761457-209862467-512","PrincipalType":"Group","RightName":"GenericAll","AceType":"","IsInherited":false},{"PrincipalSID":"S-1-5-21-2778787315-2228761457-209862467-519","PrincipalType":"Group","RightName":"GenericAll","AceType":"","IsInherited":true},{"PrincipalSID":"WIDGETLLC.INTERNAL-S-1-5-32-544","PrincipalType":"Group","RightName":"WriteDacl","AceType":"","IsInherited":true},{"PrincipalSID":"WIDGETLLC.INTERNAL-S-1-5-32-544","PrincipalType":"Group","RightName":"WriteOwner","AceType":"","IsInherited":true},{"PrincipalSID":"WIDGETLLC.INTERNAL-S-1-5-32-544","PrincipalType":"Group","RightName":"GenericWrite","AceType":"","IsInherited":true}]},{"Properties":{"haslaps":false,"highvalue":false,"name":"CLIENT01.WIDGETLLC.INTERNAL","domain":"WIDGETLLC.INTERNAL","objectid":"S-1-5-21-2778787315-2228761457-209862467-1602","distinguishedname":"CN=CLIENT01,CN=Computers,DC=WidgetLLC,DC=Internal","description":null,"enabled":true,"unconstraineddelegation":false,"serviceprincipalnames":["RestrictedKrbHost/CLIENT01","HOST/CLIENT01","RestrictedKrbHost/Client01.WidgetLLC.Internal","HOST/Client01.WidgetLLC.Internal"],"lastlogontimestamp":1611060971,"pwdlastset":1608738854,"operatingsystem":"Windows 10 Enterprise"},"AllowedToDelegate":[],"AllowedToAct":[],"PrimaryGroupSid":"S-1-5-21-2778787315-2228761457-209862467-515","Sessions":[],"LocalAdmins":[{"MemberId":"S-1-5-21-2778787315-2228761457-209862467-512","MemberType":"Group"}],"RemoteDesktopUsers":[],"DcomUsers":[],"PSRemoteUsers":[],"ObjectIdentifier":"S-1-5-21-2778787315-2228761457-209862467-1602","Aces":[{"PrincipalSID":"S-1-5-21-2778787315-2228761457-209862467-1000","PrincipalType":"User","RightName":"Owner","AceType":"","IsInherited":false},{"PrincipalSID":"WIDGETLLC.INTERNAL-S-1-5-32-548","PrincipalType":"Group","RightName":"GenericAll","AceType":"","IsInherited":false},{"PrincipalSID":"S-1-5-21-2778787315-2228761457-209862467-512","PrincipalType":"Group","RightName":"GenericAll","AceType":"","IsInherited":false},{"PrincipalSID":"S-1-5-21-2778787315-2228761457-209862467-519","PrincipalType":"Group","RightName":"GenericAll","AceType":"","IsInherited":true},{"PrincipalSID":"WIDGETLLC.INTERNAL-S-1-5-32-544","PrincipalType":"Group","RightName":"WriteDacl","AceType":"","IsInherited":true},{"PrincipalSID":"WIDGETLLC.INTERNAL-S-1-5-32-544","PrincipalType":"Group","RightName":"WriteOwner","AceType":"","IsInherited":true},{"PrincipalSID":"WIDGETLLC.INTERNAL-S-1-5-32-544","PrincipalType":"Group","RightName":"GenericWrite","AceType":"","IsInherited":true}]},{"Properties":{"haslaps":false,"highvalue":false,"name":"DC02.WIDGETLLC.INTERNAL","domain":"WIDGETLLC.INTERNAL","objectid":"S-1-5-21-2778787315-2228761457-209862467-1104","distinguishedname":"CN=DC02,OU=Domain Controllers,DC=WidgetLLC,DC=Internal","description":null,"enabled":true,"unconstraineddelegation":true,"serviceprincipalnames":["HOST/DC02.WidgetLLC.Internal/WIDGETLLC","RPC/a9deef3e-9d1f-4f95-ade6-b31c2f772428._msdcs.WidgetLLC.Internal","GC/DC02.WidgetLLC.Internal/WidgetLLC.Internal","HOST/DC02.WidgetLLC.Internal/WidgetLLC.Internal","HOST/DC02/WIDGETLLC","ldap/DC02/WIDGETLLC","ldap/a9deef3e-9d1f-4f95-ade6-b31c2f772428._msdcs.WidgetLLC.Internal","ldap/DC02.WidgetLLC.Internal/WIDGETLLC","ldap/DC02","ldap/DC02.WidgetLLC.Internal","ldap/DC02.WidgetLLC.Internal/ForestDnsZones.WidgetLLC.Internal","ldap/DC02.WidgetLLC.Internal/DomainDnsZones.WidgetLLC.Internal","ldap/DC02.WidgetLLC.Internal/WidgetLLC.Internal","DNS/DC02.WidgetLLC.Internal","Dfsr-12F9A27C-BF97-4787-9364-D31B6C55EB04/DC02.WidgetLLC.Internal","WSMAN/DC02","WSMAN/DC02.WidgetLLC.Internal","E3514235-4B06-11D1-AB04-00C04FC2DCD2/a9deef3e-9d1f-4f95-ade6-b31c2f772428/WidgetLLC.Internal","RestrictedKrbHost/DC02","HOST/DC02","RestrictedKrbHost/DC02.WidgetLLC.Internal","HOST/DC02.WidgetLLC.Internal"],"lastlogontimestamp":1611060953,"pwdlastset":1608737823,"operatingsystem":"Windows Server 2016 Standard"},"AllowedToDelegate":[],"AllowedToAct":[],"PrimaryGroupSid":"S-1-5-21-2778787315-2228761457-209862467-516","Sessions":[],"LocalAdmins":[{"MemberId":"S-1-5-21-2778787315-2228761457-209862467-512","MemberType":"Group"},{"MemberId":"S-1-5-21-2778787315-2228761457-209862467-519","MemberType":"Group"},{"MemberId":"S-1-5-21-2778787315-2228761457-209862467-500","MemberType":"User"},{"MemberId":"S-1-5-21-2778787315-2228761457-209862467-1000","MemberType":"User"}],"RemoteDesktopUsers":[],"DcomUsers":[],"PSRemoteUsers":[],"ObjectIdentifier":"S-1-5-21-2778787315-2228761457-209862467-1104","Aces":[{"PrincipalSID":"S-1-5-21-2778787315-2228761457-209862467-512","PrincipalType":"Group","RightName":"Owner","AceType":"","IsInherited":false},{"PrincipalSID":"S-1-5-21-2778787315-2228761457-209862467-512","PrincipalType":"Group","RightName":"GenericAll","AceType":"","IsInherited":false},{"PrincipalSID":"S-1-5-21-2778787315-2228761457-209862467-519","PrincipalType":"Group","RightName":"GenericAll","AceType":"","IsInherited":true},{"PrincipalSID":"WIDGETLLC.INTERNAL-S-1-5-32-544","PrincipalType":"Group","RightName":"WriteDacl","AceType":"","IsInherited":true},{"PrincipalSID":"WIDGETLLC.INTERNAL-S-1-5-32-544","PrincipalType":"Group","RightName":"WriteOwner","AceType":"","IsInherited":true},{"PrincipalSID":"WIDGETLLC.INTERNAL-S-1-5-32-544","PrincipalType":"Group","RightName":"GenericWrite","AceType":"","IsInherited":true}]}],"meta":{"count":6,"type":"computers","version":3}}