﻿{"domains":[{"Properties":{"highvalue":true,"name":"WIDGETLLC.INTERNAL","domain":"WIDGETLLC.INTERNAL","objectid":"S-1-5-21-2778787315-2228761457-209862467","distinguishedname":"DC=WidgetLLC,DC=Internal","description":null,"functionallevel":"2016"},"Users":["S-1-5-21-2778787315-2228761457-209862467-500","S-1-5-21-2778787315-2228761457-209862467-501","S-1-5-21-2778787315-2228761457-209862467-503","S-1-5-21-2778787315-2228761457-209862467-1000","S-1-5-21-2778787315-2228761457-209862467-502"],"Computers":["S-1-5-21-2778787315-2228761457-209862467-1602"],"ChildOus":["5B265BEE-898F-41A4-940E-970C2392A3C2","1352BD55-D09B-4C67-B997-77766DF432CC","6F715B1F-55C3-42F4-AF70-363111730B28"],"Trusts":[],"Links":[{"IsEnforced":false,"Guid":"4E217D18-6507-47F7-AB61-FA7B45D546D5"}],"RemoteDesktopUsers":[],"LocalAdmins":[],"DcomUsers":[],"PSRemoteUsers":[],"ObjectIdentifier":"S-1-5-21-2778787315-2228761457-209862467","Aces":[{"PrincipalSID":"WIDGETLLC.INTERNAL-S-1-5-32-544","PrincipalType":"Group","RightName":"Owner","AceType":"","IsInherited":false},{"PrincipalSID":"WIDGETLLC.INTERNAL-S-1-5-32-544","PrincipalType":"Group","RightName":"WriteDacl","AceType":"","IsInherited":false},{"PrincipalSID":"WIDGETLLC.INTERNAL-S-1-5-32-544","PrincipalType":"Group","RightName":"WriteOwner","AceType":"","IsInherited":false},{"PrincipalSID":"WIDGETLLC.INTERNAL-S-1-5-32-544","PrincipalType":"Group","RightName":"ExtendedRight","AceType":"All","IsInherited":false},{"PrincipalSID":"S-1-5-21-2778787315-2228761457-209862467-512","PrincipalType":"Group","RightName":"WriteDacl","AceType":"","IsInherited":false},{"PrincipalSID":"S-1-5-21-2778787315-2228761457-209862467-512","PrincipalType":"Group","RightName":"WriteOwner","AceType":"","IsInherited":false},{"PrincipalSID":"S-1-5-21-2778787315-2228761457-209862467-512","PrincipalType":"Group","RightName":"ExtendedRight","AceType":"All","IsInherited":false},{"PrincipalSID":"S-1-5-21-2778787315-2228761457-209862467-519","PrincipalType":"Group","RightName":"GenericAll","AceType":"","IsInherited":false},{"PrincipalSID":"WIDGETLLC.INTERNAL-S-1-5-9","PrincipalType":"Group","RightName":"ExtendedRight","AceType":"GetChanges","IsInherited":false},{"PrincipalSID":"WIDGETLLC.INTERNAL-S-1-5-32-544","PrincipalType":"Group","RightName":"ExtendedRight","AceType":"GetChangesAll","IsInherited":false},{"PrincipalSID":"WIDGETLLC.INTERNAL-S-1-5-32-544","PrincipalType":"Group","RightName":"ExtendedRight","AceType":"GetChanges","IsInherited":false},{"PrincipalSID":"S-1-5-21-2778787315-2228761457-209862467-498","PrincipalType":"Group","RightName":"ExtendedRight","AceType":"GetChanges","IsInherited":false},{"PrincipalSID":"S-1-5-21-2778787315-2228761457-209862467-516","PrincipalType":"Group","RightName":"ExtendedRight","AceType":"GetChangesAll","IsInherited":false}]}],"meta":{"count":1,"type":"domains","version":3}}